service_or_dish,sub_id,locality_id,monthly_searches,est_lead_value_inr,data_ready,source
waterproofing,,hinjewadi,,400,0,prior
painting,,hinjewadi,,325,0,prior
bathroom-renovation,,hinjewadi,,650,0,prior
modular-kitchen,,hinjewadi,,800,0,prior
house-construction,,hinjewadi,,2250,0,prior
waterproofing,,wakad,,400,0,prior
painting,,wakad,,325,0,prior
bathroom-renovation,,wakad,,650,0,prior
modular-kitchen,,wakad,,800,0,prior
house-construction,,wakad,,2250,0,prior
waterproofing,,baner,,400,0,prior
painting,,baner,,325,0,prior
bathroom-renovation,,baner,,650,0,prior
modular-kitchen,,baner,,800,0,prior
house-construction,,baner,,2250,0,prior
waterproofing,,kharadi,,400,0,prior
painting,,kharadi,,325,0,prior
bathroom-renovation,,kharadi,,650,0,prior
modular-kitchen,,kharadi,,800,0,prior
house-construction,,kharadi,,2250,0,prior
waterproofing,,hadapsar,,400,0,prior
painting,,hadapsar,,325,0,prior
bathroom-renovation,,hadapsar,,650,0,prior
modular-kitchen,,hadapsar,,800,0,prior
house-construction,,hadapsar,,2250,0,prior
waterproofing,,wagholi,,400,0,prior
painting,,wagholi,,325,0,prior
bathroom-renovation,,wagholi,,650,0,prior
modular-kitchen,,wagholi,,800,0,prior
house-construction,,wagholi,,2250,0,prior
waterproofing,,pimple-saudagar,,400,0,prior
painting,,pimple-saudagar,,325,0,prior
bathroom-renovation,,pimple-saudagar,,650,0,prior
modular-kitchen,,pimple-saudagar,,800,0,prior
house-construction,,pimple-saudagar,,2250,0,prior
waterproofing,,kothrud,,400,0,prior
painting,,kothrud,,325,0,prior
bathroom-renovation,,kothrud,,650,0,prior
modular-kitchen,,kothrud,,800,0,prior
house-construction,,kothrud,,2250,0,prior
